Pipeline,Area,static_power,dynamic_power,WST
1,12562.647837,264.8322 uW,7.2106 mW,1.57
2,13049.427848,272.0028 uW,7.4325 mW ,1.61